Trend,Comment,Sentiment,Date (YYYY-MM-DD)
Monochrome Outfits,"""Love this sleek black and white combo!""",Positive,2024-07-07
Monochrome Outfits,"""Feels a bit too boring, needs a pop of color.""",Negative,2024-07-07
Monochrome Outfits,"""Monochrome is always a classic choice.""",Neutral,2024-07-07
Monochrome Outfits,"""This is such a statement piece."",",Positive,2024-07-11
Monochrome Outfits,"""This outfit is so versatile!"",",Negative,2024-07-11
Monochrome Outfits,"""This is a trendy outfit that is perfect for right now."",",Negative,2024-07-08
Monochrome Outfits,"""Obsessed with this outfit!"",",Neutral,2024-07-12
Monochrome Outfits,"""This is so flattering!"",",Negative,2024-07-11
Monochrome Outfits,"""This is such a statement piece."",",Neutral,2024-07-12
Monochrome Outfits,"""Love the way [clothing item] is styled."",",Positive,2024-07-11
Monochrome Outfits,"""This outfit is perfect for a vacation."",",Neutral,2024-07-11
Monochrome Outfits,"""Where can I get this?"",",Positive,2024-07-12
Monochrome Outfits,"""This outfit is perfect for a date night."",",Neutral,2024-07-10
Monochrome Outfits,"""Looks comfortable and chic."",",Neutral,2024-07-09
Monochrome Outfits,"""This outfit is perfect for a date night."",",Negative,2024-07-12
Monochrome Outfits,"""This is a great way to wear [clothing item]."",",Negative,2024-07-11
Monochrome Outfits,"""This is a great outfit for any occasion."",",Positive,2024-07-08
Monochrome Outfits,"""So stylish!"",",Positive,2024-07-10
Monochrome Outfits,"""Looks comfortable and chic."",",Negative,2024-07-08
Monochrome Outfits,"""This outfit is perfect for a night out."",",Neutral,2024-07-11
Monochrome Outfits,"""This outfit is perfect for running errands."",",Neutral,2024-07-08
Monochrome Outfits,"""This outfit is perfect for showing off your personal style."",",Positive,2024-07-08
Monochrome Outfits,"""This is such a statement piece."",",Negative,2024-07-09
Monochrome Outfits,"""Love this look!"",",Neutral,2024-07-12
Monochrome Outfits,"""Where can I get this?"",",Positive,2024-07-08
Monochrome Outfits,"""This is such a statement piece."",",Negative,2024-07-12
Monochrome Outfits,"""This is a timeless look."",",Neutral,2024-07-10
Monochrome Outfits,"""This is giving me major summer vibes!"",",Neutral,2024-07-08
Monochrome Outfits,"""This is giving me major summer vibes!"",",Negative,2024-07-09
Monochrome Outfits,"""Monochrome is always a classic choice.""",Neutral,2024-07-07
Monochrome Outfits,"""This outfit is so chic and sophisticated!""",Positive,2024-07-08
Monochrome Outfits,"""Not sure if monochrome works for my skin tone.""",Negative,2024-07-08
Monochrome Outfits,"""Monochrome is so versatile, love it!""",Positive,2024-07-08
Monochrome Outfits,"""Can be difficult to pull off, needs confidence.""",Negative,2024-07-09
Monochrome Outfits,"""This is my go-to outfit for work meetings!""",Positive,2024-07-09
Monochrome Outfits,"""A timeless trend, always in style.""",Neutral,2024-07-09
Monochrome Outfits,"""Where can I find similar pieces?""",Neutral,2024-07-10
Monochrome Outfits,"""Monochrome can be edgy too, love the leather!""",Positive,2024-07-10
Monochrome Outfits,"""Seems a little overdone these days.""",Negative,2024-07-10
Monochrome Outfits,"""Great for highlighting accessories.""",Neutral,2024-07-11
Monochrome Outfits,"""Love this sleek black and white combo!""",Positive,2024-07-07
Monochrome Outfits,"""Perfect for a minimalist look.""",Positive,2024-07-11
Monochrome Outfits,"""Monochrome feels a little too formal for me.""",Negative,2024-07-11
Monochrome Outfits,"""So many ways to style a monochrome outfit!""",Positive,2024-07-12
Monochrome Outfits,"""Wish there were more outfit inspirations.""",Neutral,2024-07-12
Monochrome Outfits,"""A great base for layering different textures.""",Positive,2024-07-12
Monochrome Outfits,"""Feels a bit too boring, needs a pop of color.""",Negative,2024-07-07
,,,
Statement Sleeves,"""Love the drama of these puff sleeves!""",Positive,2024-07-07
Statement Sleeves,"""Feels a bit too over the top for everyday wear.""",Negative,2024-07-07
Statement Sleeves,"""Puff sleeves are such a fun trend!""",Positive,2024-07-07
Statement Sleeves,"""This dress is so unique and eye-catching!""",Positive,2024-07-11
Statement Sleeves,"""Not sure if I can pull off such a bold look.""",Negative,2024-07-11
Statement Sleeves,"""This top would be perfect for a special occasion.""",Neutral,2024-07-08
Statement Sleeves,"""Obsessed with this sleeve detail!"",",Neutral,2024-07-12
Statement Sleeves,"""These sleeves are so flattering on your figure!""",Positive,2024-07-11
Statement Sleeves,"""This is such a statement piece!"",",Neutral,2024-07-12
Statement Sleeves,"""Love the way the sleeves add movement.""",Positive,2024-07-11
Statement Sleeves,"""This outfit is perfect for a night out.""",Neutral,2024-07-11
Statement Sleeves,"""Where can I find a similar top?""",Positive,2024-07-12
Statement Sleeves,"""This outfit is perfect for a brunch date.""",Neutral,2024-07-10
Statement Sleeves,"""Looks elegant and bold."",",Neutral,2024-07-09
Statement Sleeves,"""This outfit is a bit too much for work.""",Negative,2024-07-12
Statement Sleeves,"""This is a great way to add personality to an outfit."",",Positive,2024-07-08
Statement Sleeves,"""So stylish!"",",Positive,2024-07-10
Statement Sleeves,"""Looks elegant and bold."",",Negative,2024-07-08
Statement Sleeves,"""This outfit is perfect for a special occasion.""",Neutral,2024-07-11
Statement Sleeves,"""This outfit is a bit too much for work.""",Negative,2024-07-08
Statement Sleeves,"""This is a great conversation starter.""",Positive,2024-07-09
,,,
Statement Sleeves,"""Love the drama of these puff sleeves!""",Positive,2024-07-07
Statement Sleeves,"""Feels a bit too over the top for everyday wear.""",Negative,2024-07-07
Statement Sleeves,"""Puff sleeves are such a fun trend!""",Positive,2024-07-07
Statement Sleeves,"""This dress is so unique and eye-catching!""",Positive,2024-07-11
Statement Sleeves,"""Not sure if I can pull off such a bold look.""",Negative,2024-07-11
Statement Sleeves,"""This top would be perfect for a special occasion.""",Neutral,2024-07-08
Statement Sleeves,"""Obsessed with this sleeve detail!"",",Neutral,2024-07-12
Statement Sleeves,"""These sleeves are so flattering on your figure!""",Positive,2024-07-11
Statement Sleeves,"""This is such a statement piece!"",",Neutral,2024-07-12
Statement Sleeves,"""Love the way the sleeves add movement.""",Positive,2024-07-11
Statement Sleeves,"""This outfit is perfect for a night out.""",Neutral,2024-07-11
Statement Sleeves,"""Where can I find a similar top?""",Positive,2024-07-12
Statement Sleeves,"""This outfit is perfect for a brunch date.""",Neutral,2024-07-10
Statement Sleeves,"""Looks elegant and bold."",",Neutral,2024-07-09
Statement Sleeves,"""This outfit is a bit too much for work.""",Negative,2024-07-12
Statement Sleeves,"""This is a great way to add personality to an outfit."",",Positive,2024-07-08
Statement Sleeves,"""So stylish!"",",Positive,2024-07-10
Statement Sleeves,"""Looks elegant and bold."",",Negative,2024-07-08
Statement Sleeves,"""This outfit is perfect for a special occasion.""",Neutral,2024-07-11
Statement Sleeves,"""This outfit is a bit too much for work.""",Negative,2024-07-08
Statement Sleeves,"""This is a great conversation starter.""",Positive,2024-07-08
Statement Sleeves,"""The sleeves add a touch of whimsy.""",Positive,2024-07-10
Statement Sleeves,"""Would love to see this styled with different bottoms.""",Neutral,2024-07-12
Statement Sleeves,"""Perfect for making an entrance!""",Positive,2024-07-09
Statement Sleeves,"""This trend feels very retro.""",Neutral,2024-07-11
Statement Sleeves,"""Not sure how comfortable these sleeves would be.""",Negative,2024-07-09
Statement Sleeves,"""A great way to elevate a simple outfit.""",Positive,2024-07-12
Statement Sleeves,"""This is a flattering silhouette for many body types.""",Positive,2024-07-10
Statement Sleeves,"""Can be tricky to layer with outerwear.""",Negative,2024-07-11
Statement Sleeves,"""Love the variety of sleeve styles available!""",Positive,        
,,,
Overalls,"""Love this casual and playful look!""",Positive,2024-07-07
Overalls,"""Feels a little too juvenile for my age.""",Negative,2024-07-07
Overalls,"""Overalls are always a comfortable choice.""",Neutral,2024-07-07
Overalls,"""This outfit is so cute and trendy!""",Positive,2024-07-08
Overalls,"""Not sure if overalls are flattering on everyone.""",Negative,2024-07-08
Overalls,"""Overalls are so versatile, can be dressed up or down.""",Neutral,2024-07-08
Overalls,"""Can be a bit tricky to pull off if you're short.""",Negative,2024-07-07
Overalls,"""A timeless trend that keeps coming back in style.""",Neutral,2024-07-09
Overalls,"""This is my go-to outfit for weekend errands!""",Positive,2024-07-09
Overalls,"""Where can I find a cute pair of overalls?""",Neutral,2024-07-10
Overalls,"""Love the way overalls can be layered with different tops.""",Positive,2024-07-10
Overalls,"""Seems a little outdated these days.""",Negative,2024-07-10
Overalls,"""Great for creating a relaxed and effortless look.""",Neutral,2024-07-11
Overalls,"""Perfect for a casual brunch with friends.""",Positive,2024-07-11
Overalls,"""Overalls can feel a bit too casual for work.""",Negative,2024-07-11
Overalls,"""So many ways to style overalls!""",Positive,2024-07-12
Overalls,"""Wish there were more flattering styles available.""",Negative,2024-07-12
Overalls,"""A comfortable outfit for running errands.""",Neutral,2024-07-12
,,,
Overalls,"""Love this casual and playful look!""",Positive,2024-07-07
Overalls,"""Feels a little too juvenile for my age.""",Negative,2024-07-07
Overalls,"""Overalls are always a comfortable choice.""",Neutral,2024-07-07
Overalls,"""This outfit is so cute and trendy!""",Positive,2024-07-08
Overalls,"""Not sure if overalls are flattering on everyone.""",Negative,2024-07-08
Overalls,"""Overalls are so versatile, can be dressed up or down.""",Neutral,2024-07-08
Overalls,"""Can be a bit tricky to pull off if you're short.""",Negative,2024-07-09
Overalls,"""A timeless trend that keeps coming back in style.""",Neutral,2024-07-09
Overalls,"""This is my go-to outfit for weekend errands!""",Positive,2024-07-09
Overalls,"""Where can I find a cute pair of overalls?""",Neutral,2024-07-10
Overalls,"""Love the way overalls can be layered with different tops.""",Positive,2024-07-10
Overalls,"""Seems a little outdated these days.""",Negative,2024-07-10
Overalls,"""Great for creating a relaxed and effortless look.""",Neutral,2024-07-11
Overalls,"""Perfect for a casual brunch with friends.""",Positive,2024-07-11
Overalls,"""Overalls can feel a bit too casual for work.""",Negative,2024-07-11
Overalls,"""So many ways to style overalls!""",Positive,2024-07-12
Overalls,"""Wish there were more flattering styles available.""",Negative,2024-07-12
Overalls,"""A comfortable outfit for running errands.""",Neutral,2024-07-12
Overalls,"""Perfect for a summer festival!""",Positive,2024-07-12
Overalls,"""Can be dressed up with heels for a night out.""",Neutral,2024-07-13
Overalls,"""This is such a 90s vibe!""",Neutral,2024-07-13
Overalls,"""Not a fan of the bib style, but cute nonetheless.""",Negative,2024-07-13
Overalls,"""Love the variety of washes available!""",Positive,2024-07-14
Overalls,"""A great way to add a touch of nostalgia to your outfit.""",Positive,2024-07-14
Overalls,"""This trend feels a little too exposed for some occasions.""",Negative,2024-07-14
Overalls,"""Perfect for layering with a cute graphic tee.""",Positive,2024-07-15
Overalls,"""Can be a bit bulky for warmer weather.""",Negative,2024-07-15
Overalls,"""A great option for pregnant women!""",Positive,2024-07-15
Overalls,"""This is a great outfit for traveling comfortably.""",Neutral,2024-07-07
,,,
Bold Floral Prints,"""Love the vibrant colors and statement piece!""",Positive,2024-07-07
Bold Floral Prints,"""Feels a bit too overwhelming for my taste.""",Negative,2024-07-07
Bold Floral Prints,"""Floral prints are always a cheerful choice.""",Neutral,2024-07-07
Bold Floral Prints,"""This dress is so eye-catching and summery!""",Positive,2024-07-08
Bold Floral Prints,"""Not sure how easy it would be to accessorize this.""",Negative,2024-07-08
Bold Floral Prints,"""These prints are so versatile for different styles.""",Neutral,2024-07-08
Bold Floral Prints,"""Can be tricky to find a flattering floral pattern.""",Negative,2024-07-09
Bold Floral Prints,"""A timeless trend that keeps coming back in style.""",Neutral,2024-07-09
Bold Floral Prints,"""This is a perfect outfit for a summer wedding!""",Positive,2024-07-09
Bold Floral Prints,"""Where can I find a similar dress like this?""",Neutral,2024-07-10
Bold Floral Prints,"""Love the way the print makes a statement.""",Positive,2024-07-10
Bold Floral Prints,"""Seems a bit too busy for everyday wear.""",Negative,2024-07-10
Bold Floral Prints,"""Great for adding a pop of color to your outfit.""",Neutral,2024-07-11
Bold Floral Prints,"""Perfect for a garden party or picnic.""",Positive,2024-07-11
Bold Floral Prints,"""Can be overwhelming for some body types.""",Negative,2024-07-11
Bold Floral Prints,"""So many ways to style bold floral prints!""",Positive,2024-07-12
Bold Floral Prints,"""Wish there were more options in different fabrics.""",Negative,2024-07-12
Bold Floral Prints,"""A confident and eye-catching look.""",Positive,2024-07-12
,,,
Bold Floral Prints,"""Love the vibrant colors and statement piece!""",Positive,2024-07-07
Bold Floral Prints,"""Feels a bit too overwhelming for my taste.""",Negative,2024-07-07
Bold Floral Prints,"""Floral prints are always a cheerful choice.""",Neutral,2024-07-07
Bold Floral Prints,"""This dress is so eye-catching and summery!""",Positive,2024-07-08
Bold Floral Prints,"""Not sure how easy it would be to accessorize this.""",Negative,2024-07-08
Bold Floral Prints,"""These prints are so versatile for different styles.""",Neutral,2024-07-08
Bold Floral Prints,"""Can be tricky to find a flattering floral pattern.""",Negative,2024-07-09
Bold Floral Prints,"""A timeless trend that keeps coming back in style.""",Neutral,2024-07-09
Bold Floral Prints,"""This is a perfect outfit for a summer wedding!""",Positive,2024-07-09
Bold Floral Prints,"""Where can I find a similar dress like this?""",Neutral,2024-07-10
Bold Floral Prints,"""Love the way the print makes a statement.""",Positive,2024-07-10
Bold Floral Prints,"""Seems a bit too busy for everyday wear.""",Negative,2024-07-10
Bold Floral Prints,"""Great for adding a pop of color to your outfit.""",Neutral,2024-07-11
Bold Floral Prints,"""Perfect for a garden party or picnic.""",Positive,2024-07-11
Bold Floral Prints,"""Can be overwhelming for some body types.""",Negative,2024-07-11
Bold Floral Prints,"""So many ways to style bold floral prints!""",Positive,2024-07-12
Bold Floral Prints,"""Wish there were more options in different fabrics.""",Negative,2024-07-12
Bold Floral Prints,"""A confident and eye-catching look.""",Positive,2024-07-12
Bold Floral Prints,"""This print is perfect for a flowy maxi dress.""",Positive,2024-07-13
Bold Floral Prints,"""Can be difficult to find separates that match well.""",Negative,2024-07-13
Bold Floral Prints,"""A great way to embrace your summer style!""",Positive,2024-07-13
Bold Floral Prints,"""This trend feels a bit too loud for work attire.""",Negative,2024-07-14
Bold Floral Prints,"""Love the vintage vibes of these floral prints.""",Positive,2024-07-14
Bold Floral Prints,"""Would be great to see this in a jumpsuit style.""",Neutral,2024-07-14
Bold Floral Prints,"""A bit too much pattern mixing for my taste.""",Negative,2024-07-15
Bold Floral Prints,"""Perfect for a day at the beach or poolside.""",Positive,2024-07-15
Bold Floral Prints,"""The print can be quite bold, needs a statement necklace.""",Neutral,2024-07-15
Bold Floral Prints,"""A fun and flirty look for a summer date night!""",Positive,
,,,
Minimalist Chic,"""Love the clean lines and sophisticated look!""",Positive,2024-07-07
Minimalist Chic,"""Feels a bit too plain and boring for my style.""",Negative,2024-07-07
Minimalist Chic,"""Minimalism is always a timeless and effortless choice.""",Neutral,2024-07-07
Minimalist Chic,"""This outfit is so put-together and elegant!""",Positive,2024-07-08
Minimalist Chic,"""Not sure if minimalist styles are flattering on everyone.""",Negative,2024-07-08
Minimalist Chic,"""Minimalism allows you to focus on quality pieces.""",Neutral,2024-07-08
Minimalist Chic,"""Can be a challenge to create a statement with minimalism.""",Negative,2024-07-09
Minimalist Chic,"""A versatile style that can be dressed up or down.""",Neutral,2024-07-09
Minimalist Chic,"""This is my go-to outfit for work meetings!""",Positive,2024-07-09
Minimalist Chic,"""Where can I find similar wardrobe staples?""",Neutral,2024-07-10
Minimalist Chic,"""Love the focus on clean tailoring and neutral tones.""",Positive,2024-07-10
Minimalist Chic,"""Seems a little too basic for a night out.""",Negative,2024-07-10
Minimalist Chic,"""Great for creating a polished and professional look.""",Neutral,2024-07-11
Minimalist Chic,"""Perfect for a business lunch or presentation.""",Positive,2024-07-11
Minimalist Chic,"""Minimalism can sometimes feel a bit cold.""",Negative,2024-07-11
Minimalist Chic,"""So many ways to accessorize a minimalist outfit!""",Positive,2024-07-12
Minimalist Chic,"""Wish there were more outfit inspiration for this trend.""",Negative,2024-07-12
Minimalist Chic,"""A great way to build a capsule wardrobe.""",Positive,2024-07-12
,,,
Minimalist Chic,"""Love the clean lines and sophisticated look!""",Positive,2024-07-07
Minimalist Chic,"""Feels a bit too plain and boring for my style.""",Negative,2024-07-07
Minimalist Chic,"""Minimalism is always a timeless and effortless choice.""",Neutral,2024-07-07
Minimalist Chic,"""This outfit is so put-together and elegant!""",Positive,2024-07-08
Minimalist Chic,"""Not sure if minimalist styles are flattering on everyone.""",Negative,2024-07-08
Minimalist Chic,"""Minimalism allows you to focus on quality pieces.""",Neutral,2024-07-08
Minimalist Chic,"""Can be a challenge to create a statement with minimalism.""",Negative,2024-07-09
Minimalist Chic,"""A versatile style that can be dressed up or down.""",Neutral,2024-07-09
Minimalist Chic,"""This is my go-to outfit for work meetings!""",Positive,2024-07-09
Minimalist Chic,"""Where can I find similar wardrobe staples?""",Neutral,2024-07-10
Minimalist Chic,"""Love the focus on clean tailoring and neutral tones.""",Positive,2024-07-10
Minimalist Chic,"""Seems a little too basic for a night out.""",Negative,2024-07-10
Minimalist Chic,"""Great for creating a polished and professional look.""",Neutral,2024-07-11
Minimalist Chic,"""Perfect for a business lunch or presentation.""",Positive,2024-07-11
Minimalist Chic,"""Minimalism can sometimes feel a bit cold.""",Negative,2024-07-11
Minimalist Chic,"""So many ways to accessorize a minimalist outfit!""",Positive,2024-07-12
Minimalist Chic,"""Wish there were more outfit inspiration for this trend.""",Negative,2024-07-12
Minimalist Chic,"""A great way to build a capsule wardrobe.""",Positive,2024-07-12
Minimalist Chic,"""The key is using high-quality fabrics.""",Neutral,2024-07-13
Minimalist Chic,"""This trend can be great for travel as well.""",Positive,2024-07-13
Minimalist Chic,"""A minimalist outfit can still be bold with the right accessories.""",Neutral,2024-07-13
Minimalist Chic,"""This trend feels too restrictive for my personal style.""",Negative,2024-07-14
Minimalist Chic,"""Love how it allows you to express yourself through details.""",Positive,2024-07-14
Minimalist Chic,"""Can be difficult to find well-fitting basics sometimes.""",Negative,2024-07-14
Minimalist Chic,"""A great way to save money on your wardrobe!""",Positive,2024-07-15
Minimalist Chic,"""This style is perfect for everyday errands.""",Neutral,2024-07-15
Minimalist Chic,"""The monochromatic look can be quite chic.""",Positive,2024-07-15
Minimalist Chic,"""Would love to see more colorful takes on minimalism.""",Neutral,2024-07-14
Athleisure,"""Feels a bit too casual for most situations.""",Negative,2024-07-07
Athleisure,"""Athleisure is a great choice for an active lifestyle.""",Neutral,2024-07-07
Athleisure,"""This outfit is so comfy and stylish for running errands.""",Positive,2024-07-08
Athleisure,"""Not sure if athleisure is always appropriate for work.""",Negative,2024-07-08
Athleisure,"""Athleisure pieces can be dressed up or down easily.""",Neutral,2024-07-08
Athleisure,"""Can be tempting to live in leggings all the time!""",Negative,2024-07-09
Athleisure,"""A comfortable and stylish option for travel days.""",Positive,2024-07-09
Athleisure,"""Where can I find cute and functional athleisure sets?""",Neutral,2024-07-10
Athleisure,"""Love the mix of performance and style in athleisure.""",Positive,2024-07-10
Athleisure,"""Seems a bit overdone these days.""",Negative,2024-07-10
Athleisure,"""Great for layering with statement jackets or sweaters.""",Neutral,2024-07-11
Athleisure,"""Perfect for a weekend brunch with friends.""",Positive,2024-07-11
Athleisure,"""Athleisure can be a bit too revealing for some activities.""",Negative,2024-07-11
Athleisure,"""So many ways to style athleisure for different occasions!""",Positive,2024-07-12
Athleisure,"""Wish there were more sustainable options available.""",Negative,2024-07-12
Athleisure,"""A great way to stay active and look good doing it!""",Positive,2024-07-12
Athleisure,"""Love the comfort and versatility of athleisure!""",Positive,2024-07-07
,,,
Athleisure,"""Love the comfort and versatility of athleisure!""",Positive,2024-07-07
Athleisure,"""Feels a bit too casual for most situations.""",Negative,2024-07-07
Athleisure,"""Athleisure is a great choice for an active lifestyle.""",Neutral,2024-07-07
Athleisure,"""This outfit is so comfy and stylish for running errands.""",Positive,2024-07-08
Athleisure,"""Not sure if athleisure is always appropriate for work.""",Negative,2024-07-08
Athleisure,"""Athleisure pieces can be dressed up or down easily.""",Neutral,2024-07-08
Athleisure,"""Can be tempting to live in leggings all the time!""",Negative,2024-07-09
Athleisure,"""A comfortable and stylish option for travel days.""",Positive,2024-07-09
Athleisure,"""Where can I find cute and functional athleisure sets?""",Neutral,2024-07-10
Athleisure,"""Love the mix of performance and style in athleisure.""",Positive,2024-07-10
Athleisure,"""Seems a bit overdone these days.""",Negative,2024-07-10
Athleisure,"""Great for layering with statement jackets or sweaters.""",Neutral,2024-07-11
Athleisure,"""Perfect for a weekend brunch with friends.""",Positive,2024-07-11
Athleisure,"""Athleisure can be a bit too revealing for some activities.""",Negative,2024-07-11
Athleisure,"""So many ways to style athleisure for different occasions!""",Positive,2024-07-12
Athleisure,"""Wish there were more sustainable options available.""",Negative,2024-07-12
Athleisure,"""A great way to stay active and look good doing it!""",Positive,2024-07-12
Athleisure,"""The key is finding pieces that flatter your body type.""",Neutral,2024-07-13
Athleisure,"""This trend can be a great motivator for working out.""",Positive,2024-07-13
Athleisure,"""Not all athleisure is created equal, focus on quality.""",Neutral,2024-07-13
Athleisure,"""Can be a slippery slope to looking like you're in pajamas.""",Negative,2024-07-14
Athleisure,"""Love how breathable and comfortable athleisure is.""",Positive,2024-07-14
Athleisure,"""Wish there were more variety in colors and styles.""",Negative,2024-07-14
Athleisure,"""A great option for casual Fridays at the office.""",Positive,2024-07-15
Athleisure,"""This style can be dressed up with a statement necklace.""",Neutral,2024-07-15
Athleisure,"""Perfect for lounging at home or running quick errands.""",Positive,2024-07-15
Athleisure,"""The line between athleisure and activewear can be blurry.""",Neutral,2024-07-16
Athleisure,"""Love how this trend promotes a healthy lifestyle.""",Positive,2024-07-16